Frame,Label,Prediction,Head_Tilt_Angle
fall-01-cam0-rgb-001.png,0,0,88.80405802599797
fall-01-cam0-rgb-002.png,0,0,90.69942324566608
fall-01-cam0-rgb-003.png,0,0,91.9685709680517
fall-01-cam0-rgb-004.png,0,0,88.53306024392784
fall-01-cam0-rgb-005.png,0,0,93.54931364210717
fall-01-cam0-rgb-006.png,0,0,93.44028033390947
fall-01-cam0-rgb-007.png,0,0,92.26421428996024
fall-01-cam0-rgb-008.png,0,0,92.26546561896063
fall-01-cam0-rgb-009.png,0,0,93.32622419655772
fall-01-cam0-rgb-010.png,0,0,85.8820945405674
fall-01-cam0-rgb-011.png,0,0,91.3297828287872
fall-01-cam0-rgb-012.png,0,0,96.08398316075146
fall-01-cam0-rgb-013.png,0,0,91.31693000052846
fall-01-cam0-rgb-014.png,0,0,88.50536343501993
fall-01-cam0-rgb-015.png,0,0,89.38629331346257
fall-01-cam0-rgb-016.png,0,0,92.96647056581938
fall-01-cam0-rgb-017.png,0,0,89.53231633276053
fall-01-cam0-rgb-018.png,0,0,87.84319182877417
fall-01-cam0-rgb-019.png,0,0,92.28227215331736
fall-01-cam0-rgb-020.png,0,0,88.01336715134228
fall-01-cam0-rgb-021.png,0,0,88.11801406713249
fall-01-cam0-rgb-022.png,0,0,88.98784939320966
fall-01-cam0-rgb-023.png,0,0,93.67611582489413
fall-01-cam0-rgb-024.png,0,0,91.411820130602
fall-01-cam0-rgb-025.png,0,0,90.78944479573771
fall-01-cam0-rgb-026.png,0,0,90.12830762537827
fall-01-cam0-rgb-027.png,0,0,78.36342269379999
fall-01-cam0-rgb-028.png,0,0,79.92744938193825
fall-01-cam0-rgb-029.png,0,0,79.65328387673769
fall-01-cam0-rgb-030.png,0,0,82.95820360473594
fall-01-cam0-rgb-031.png,0,0,89.20575936649976
fall-01-cam0-rgb-032.png,0,0,91.1584632182859
fall-01-cam0-rgb-033.png,0,0,88.26427961363336
fall-01-cam0-rgb-034.png,0,0,88.60134453598646
fall-01-cam0-rgb-035.png,0,0,93.9329918222531
fall-01-cam0-rgb-036.png,0,0,93.5000512049237
fall-01-cam0-rgb-037.png,0,0,91.33770521984522
fall-01-cam0-rgb-038.png,0,0,92.84283746471252
fall-01-cam0-rgb-039.png,0,0,91.4860551579125
fall-01-cam0-rgb-040.png,0,0,90.97205746835093
fall-01-cam0-rgb-041.png,0,0,92.83064985228523
fall-01-cam0-rgb-042.png,0,0,96.44087171267329
fall-01-cam0-rgb-043.png,0,0,96.9470678836757
fall-01-cam0-rgb-044.png,0,0,91.7227840930693
fall-01-cam0-rgb-045.png,0,0,88.89909263509416
fall-01-cam0-rgb-046.png,0,0,96.3531303560139
fall-01-cam0-rgb-047.png,0,0,100.30601922531798
fall-01-cam0-rgb-048.png,0,0,95.6494855963461
fall-01-cam0-rgb-049.png,0,0,91.57455849290433
fall-01-cam0-rgb-050.png,0,0,89.43382125092157
fall-01-cam0-rgb-051.png,0,0,91.08743406756454
fall-01-cam0-rgb-052.png,0,0,97.10602935380707
fall-01-cam0-rgb-053.png,0,0,98.71789755652435
fall-01-cam0-rgb-054.png,0,0,99.36865616473648
fall-01-cam0-rgb-055.png,0,0,96.911945343684
fall-01-cam0-rgb-056.png,0,0,96.04833958902454
fall-01-cam0-rgb-057.png,0,0,96.99297991479706
fall-01-cam0-rgb-058.png,0,0,95.37758414057139
fall-01-cam0-rgb-059.png,0,0,92.7489469797147
fall-01-cam0-rgb-060.png,0,0,96.83462860041718
fall-01-cam0-rgb-061.png,0,0,102.72306828503334
fall-01-cam0-rgb-062.png,0,0,100.65189678398232
fall-01-cam0-rgb-063.png,0,0,102.14267830504399
fall-01-cam0-rgb-064.png,0,0,98.38580761545427
fall-01-cam0-rgb-065.png,0,0,91.70266104962528
fall-01-cam0-rgb-066.png,0,0,100.53309485915288
fall-01-cam0-rgb-067.png,0,0,95.47529847404104
fall-01-cam0-rgb-068.png,0,0,96.93618746445182
fall-01-cam0-rgb-069.png,0,0,100.64490434738399
fall-01-cam0-rgb-070.png,0,0,104.96037165399832
fall-01-cam0-rgb-071.png,0,0,100.62114741898951
fall-01-cam0-rgb-072.png,0,0,95.64232140530387
fall-01-cam0-rgb-073.png,0,0,93.98097730268593
fall-01-cam0-rgb-074.png,0,0,96.2600066330857
fall-01-cam0-rgb-075.png,0,0,90.76004716151822
fall-01-cam0-rgb-076.png,0,0,93.00350201568418
fall-01-cam0-rgb-077.png,0,0,89.43571490629314
fall-01-cam0-rgb-078.png,0,0,71.69937863717838
fall-01-cam0-rgb-079.png,0,0,82.47216400784507
fall-01-cam0-rgb-080.png,0,0,64.10197393942308
fall-01-cam0-rgb-081.png,0,0,83.35993772764462
fall-01-cam0-rgb-082.png,0,0,81.54175916817769
fall-01-cam0-rgb-083.png,0,0,60.526181771978294
fall-01-cam0-rgb-084.png,0,0,64.37163297609172
fall-01-cam0-rgb-085.png,0,0,56.074606255303095
fall-01-cam0-rgb-086.png,0,0,57.95293621403665
fall-01-cam0-rgb-087.png,0,0,59.353173914021404
fall-01-cam0-rgb-088.png,0,0,102.86342183762994
fall-01-cam0-rgb-089.png,0,0,54.981273626305985
fall-01-cam0-rgb-090.png,0,0,52.72114206230287
fall-01-cam0-rgb-091.png,0,0,46.04102131598663
fall-01-cam0-rgb-092.png,0,0,88.38752313422984
fall-01-cam0-rgb-093.png,0,0,63.442423032704774
fall-01-cam0-rgb-094.png,0,0,54.96630607159724
fall-01-cam0-rgb-095.png,0,0,66.65171542680413
fall-01-cam0-rgb-096.png,0,0,59.22390279361743
fall-01-cam0-rgb-097.png,0,0,65.02027982304281
fall-01-cam0-rgb-098.png,0,0,69.24700633817642
fall-01-cam0-rgb-099.png,0,0,47.53008172790259
fall-01-cam0-rgb-100.png,0,0,64.47154585248511
fall-01-cam0-rgb-101.png,0,0,56.79793676813474
fall-01-cam0-rgb-102.png,0,0,75.49497477014236
fall-01-cam0-rgb-103.png,0,0,64.71165534489352
fall-01-cam0-rgb-104.png,0,0,0.0
fall-01-cam0-rgb-105.png,0,0,
fall-01-cam0-rgb-106.png,0,0,27.17026141045052
fall-01-cam0-rgb-107.png,0,0,31.827592868382844
fall-01-cam0-rgb-108.png,0,0,
fall-01-cam0-rgb-109.png,0,0,
fall-01-cam0-rgb-110.png,0,0,0.36045200059642807
fall-01-cam0-rgb-111.png,0,0,1.0026867507385293
fall-01-cam0-rgb-112.png,0,0,58.712262784775824
fall-01-cam0-rgb-113.png,1,0,6.834174225880729
fall-01-cam0-rgb-113.png,0,0,6.834174225880729
fall-01-cam0-rgb-114.png,1,0,
fall-01-cam0-rgb-119.png,1,0,
fall-01-cam0-rgb-120.png,1,1,
fall-01-cam0-rgb-121.png,1,0,
fall-01-cam0-rgb-122.png,1,0,
fall-01-cam0-rgb-123.png,1,0,
fall-01-cam0-rgb-124.png,1,0,
fall-01-cam0-rgb-125.png,1,0,
fall-01-cam0-rgb-126.png,1,0,
fall-01-cam0-rgb-127.png,1,0,
fall-01-cam0-rgb-128.png,1,0,
fall-01-cam0-rgb-129.png,1,0,
fall-01-cam0-rgb-130.png,1,0,
fall-01-cam0-rgb-131.png,1,0,
fall-01-cam0-rgb-132.png,1,0,
fall-01-cam0-rgb-133.png,1,0,
fall-01-cam0-rgb-134.png,1,0,
fall-01-cam0-rgb-137.png,1,0,
fall-01-cam0-rgb-138.png,1,0,
fall-01-cam0-rgb-139.png,1,0,
fall-01-cam0-rgb-143.png,1,0,
fall-01-cam0-rgb-146.png,1,1,
fall-01-cam0-rgb-157.png,1,0,
fall-01-cam0-rgb-158.png,1,0,
fall-02-cam0-rgb-001.png,0,0,53.60130188049105
fall-02-cam0-rgb-002.png,0,0,54.1029413516457
fall-02-cam0-rgb-003.png,0,0,54.75500771260886
fall-02-cam0-rgb-004.png,0,0,54.93418476050245
fall-02-cam0-rgb-005.png,0,0,52.90527372332471
fall-02-cam0-rgb-006.png,0,0,53.48851310430452
fall-02-cam0-rgb-007.png,0,0,51.40627805607999
fall-02-cam0-rgb-008.png,0,0,55.1411044323312
fall-02-cam0-rgb-009.png,0,0,55.10339316539195
fall-02-cam0-rgb-010.png,0,0,58.131620785967826
fall-02-cam0-rgb-011.png,0,0,63.19498731731314
fall-02-cam0-rgb-012.png,0,0,58.40512705172779
fall-02-cam0-rgb-013.png,0,0,50.41468225431403
fall-02-cam0-rgb-014.png,0,0,45.71402770295687
fall-02-cam0-rgb-015.png,0,0,52.62657379792842
fall-02-cam0-rgb-016.png,0,0,54.11078233787187
fall-02-cam0-rgb-017.png,0,0,51.45618141019497
fall-02-cam0-rgb-018.png,0,0,107.61368514644869
fall-02-cam0-rgb-019.png,0,0,104.36990980342297
fall-02-cam0-rgb-020.png,0,0,105.24563377927953
fall-02-cam0-rgb-021.png,0,0,107.92447069859026
fall-02-cam0-rgb-022.png,0,0,109.98826967148307
fall-02-cam0-rgb-023.png,0,0,40.37215826572255
fall-02-cam0-rgb-024.png,0,0,40.71715116744986
fall-02-cam0-rgb-025.png,0,0,108.02142835680442
fall-02-cam0-rgb-026.png,0,0,108.94105470270574
fall-02-cam0-rgb-027.png,0,0,103.52116315606457
fall-02-cam0-rgb-028.png,0,0,108.55702803249362
fall-02-cam0-rgb-029.png,0,0,105.7998721683879
fall-02-cam0-rgb-030.png,0,0,106.45812779154646
fall-02-cam0-rgb-031.png,0,0,107.14340491737596
fall-02-cam0-rgb-032.png,0,0,104.77024376020783
fall-02-cam0-rgb-033.png,0,0,103.98728248212208
fall-02-cam0-rgb-034.png,0,0,99.09250763561192
fall-02-cam0-rgb-035.png,0,0,103.19995572616529
fall-02-cam0-rgb-036.png,0,0,99.81623432960103
fall-02-cam0-rgb-037.png,0,0,96.78323392883351
fall-02-cam0-rgb-038.png,0,0,98.99114741674228
fall-02-cam0-rgb-039.png,0,0,100.97606020650312
fall-02-cam0-rgb-040.png,0,0,93.5267023209445
fall-02-cam0-rgb-041.png,0,0,100.1158948652415
fall-02-cam0-rgb-042.png,0,0,92.94570006991894
fall-02-cam0-rgb-043.png,0,0,94.26541423109923
fall-02-cam0-rgb-044.png,0,0,83.31502904341075
fall-02-cam0-rgb-045.png,0,0,83.9102297789132
fall-02-cam0-rgb-046.png,0,0,80.3213794078108
fall-02-cam0-rgb-047.png,0,0,82.19068518449401
fall-02-cam0-rgb-048.png,0,0,84.44247025552643
fall-02-cam0-rgb-049.png,0,0,85.80027112727234
fall-02-cam0-rgb-050.png,0,0,82.9242959725131
fall-02-cam0-rgb-051.png,0,0,74.53640935159594
fall-02-cam0-rgb-052.png,0,0,69.43675597110203
fall-02-cam0-rgb-053.png,0,0,76.60178388555444
fall-02-cam0-rgb-054.png,0,0,72.76730515477476
fall-02-cam0-rgb-055.png,0,0,71.17440666136422
fall-02-cam0-rgb-056.png,0,0,59.250482989943514
fall-02-cam0-rgb-057.png,0,0,64.51112033437995
fall-02-cam0-rgb-058.png,0,0,50.68215396795559
fall-02-cam0-rgb-059.png,0,0,52.432554618248844
fall-02-cam0-rgb-060.png,0,0,60.331070797845726
fall-02-cam0-rgb-061.png,0,0,
fall-02-cam0-rgb-062.png,0,0,53.25829829558989
fall-02-cam0-rgb-063.png,0,0,
fall-02-cam0-rgb-064.png,0,0,
fall-02-cam0-rgb-065.png,0,0,
fall-02-cam0-rgb-066.png,0,0,
fall-02-cam0-rgb-067.png,0,0,
fall-02-cam0-rgb-068.png,0,0,
fall-02-cam0-rgb-069.png,0,0,
fall-02-cam0-rgb-070.png,0,0,
fall-02-cam0-rgb-071.png,0,0,
fall-02-cam0-rgb-072.png,0,0,
fall-02-cam0-rgb-073.png,0,0,
fall-02-cam0-rgb-074.png,0,0,
fall-02-cam0-rgb-075.png,0,0,
fall-02-cam0-rgb-076.png,1,0,
fall-02-cam0-rgb-077.png,1,0,
fall-02-cam0-rgb-078.png,1,0,
fall-02-cam0-rgb-079.png,1,0,
fall-02-cam0-rgb-080.png,1,0,
fall-02-cam0-rgb-081.png,1,0,
fall-02-cam0-rgb-082.png,1,0,
fall-02-cam0-rgb-083.png,1,0,
fall-02-cam0-rgb-084.png,1,0,
fall-02-cam0-rgb-085.png,1,0,
fall-02-cam0-rgb-086.png,1,1,
fall-02-cam0-rgb-087.png,1,1,
fall-02-cam0-rgb-088.png,1,1,
fall-02-cam0-rgb-089.png,1,1,
fall-02-cam0-rgb-090.png,1,1,
fall-02-cam0-rgb-091.png,1,0,
fall-02-cam0-rgb-092.png,1,0,
fall-02-cam0-rgb-093.png,1,0,
fall-02-cam0-rgb-094.png,1,0,
fall-02-cam0-rgb-095.png,1,1,
fall-02-cam0-rgb-096.png,1,1,
fall-02-cam0-rgb-097.png,1,1,
fall-02-cam0-rgb-098.png,1,0,
fall-02-cam0-rgb-099.png,1,0,
fall-02-cam0-rgb-100.png,1,0,
fall-02-cam0-rgb-101.png,1,0,
fall-02-cam0-rgb-102.png,1,0,
fall-02-cam0-rgb-103.png,1,0,
fall-02-cam0-rgb-105.png,1,0,
fall-02-cam0-rgb-107.png,1,1,
fall-02-cam0-rgb-108.png,1,1,
fall-02-cam0-rgb-109.png,1,0,
fall-02-cam0-rgb-110.png,1,1,
fall-03-cam0-rgb-001.png,0,0,73.96804589168967
fall-03-cam0-rgb-002.png,0,0,82.68390069546831
fall-03-cam0-rgb-003.png,0,0,84.61402083568574
fall-03-cam0-rgb-004.png,0,0,80.55297283592
fall-03-cam0-rgb-005.png,0,0,83.11985254813777
fall-03-cam0-rgb-006.png,0,0,80.89909057564574
fall-03-cam0-rgb-007.png,0,0,79.2300918690934
fall-03-cam0-rgb-008.png,0,0,82.49194178471146
fall-03-cam0-rgb-009.png,0,0,86.59276012827368
fall-03-cam0-rgb-010.png,0,0,84.83098555970884
fall-03-cam0-rgb-011.png,0,0,84.39456756796747
fall-03-cam0-rgb-012.png,0,0,83.63799086368638
fall-03-cam0-rgb-013.png,0,0,80.67836018671369
fall-03-cam0-rgb-014.png,0,0,89.04783228540555
fall-03-cam0-rgb-015.png,0,0,84.81540081154694
fall-03-cam0-rgb-016.png,0,0,78.08608778446198
fall-03-cam0-rgb-017.png,0,0,91.76138588761403
fall-03-cam0-rgb-018.png,0,0,93.1867458961958
fall-03-cam0-rgb-019.png,0,0,91.41049243007357
fall-03-cam0-rgb-020.png,0,0,86.1997883697466
fall-03-cam0-rgb-021.png,0,0,88.3962930292371
fall-03-cam0-rgb-022.png,0,0,93.25812110886844
fall-03-cam0-rgb-023.png,0,0,99.39466680144182
fall-03-cam0-rgb-024.png,0,0,100.00384410754175
fall-03-cam0-rgb-025.png,0,0,100.7331047511878
fall-03-cam0-rgb-026.png,0,0,91.58367011724515
fall-03-cam0-rgb-027.png,0,0,90.27367866325423
fall-03-cam0-rgb-028.png,0,0,89.80112182094615
fall-03-cam0-rgb-029.png,0,0,91.31583613451757
fall-03-cam0-rgb-030.png,0,0,88.13528062240344
fall-03-cam0-rgb-031.png,0,0,93.12822799142336
fall-03-cam0-rgb-032.png,0,0,94.48839715591876
fall-03-cam0-rgb-033.png,0,0,89.2985501177863
fall-03-cam0-rgb-034.png,0,0,96.3490872565321
fall-03-cam0-rgb-035.png,0,0,94.71827418945918
fall-03-cam0-rgb-036.png,0,0,96.02949253442328
fall-03-cam0-rgb-037.png,0,0,96.35697676347156
fall-03-cam0-rgb-038.png,0,0,99.00903391804201
fall-03-cam0-rgb-039.png,0,0,96.05269246979114
fall-03-cam0-rgb-040.png,0,0,98.6194296913579
fall-03-cam0-rgb-041.png,0,0,88.2033545144326
fall-03-cam0-rgb-042.png,0,0,79.02115766476783
fall-03-cam0-rgb-043.png,0,0,94.41582897531408
fall-03-cam0-rgb-044.png,0,0,79.43024924602175
fall-03-cam0-rgb-045.png,0,0,89.45035007852128
fall-03-cam0-rgb-046.png,0,0,91.08075102532071
fall-03-cam0-rgb-047.png,0,0,94.53853211499668
fall-03-cam0-rgb-048.png,0,0,92.89041890176986
fall-03-cam0-rgb-049.png,0,0,91.89293661201442
fall-03-cam0-rgb-050.png,0,0,94.51609194730366
fall-03-cam0-rgb-051.png,0,0,94.02877642868616
fall-03-cam0-rgb-052.png,0,0,98.99415206587977
fall-03-cam0-rgb-053.png,0,0,99.26501799136909
fall-03-cam0-rgb-054.png,0,0,99.14095919651203
fall-03-cam0-rgb-055.png,0,0,101.3161787767526
fall-03-cam0-rgb-056.png,0,0,101.74071060465579
fall-03-cam0-rgb-057.png,0,0,95.27538795529878
fall-03-cam0-rgb-058.png,0,0,97.92598929587813
fall-03-cam0-rgb-059.png,0,0,99.87817895156583
fall-03-cam0-rgb-060.png,0,0,98.0504606797381
fall-03-cam0-rgb-061.png,0,0,101.51656357754634
fall-03-cam0-rgb-062.png,0,0,98.56161322248352
fall-03-cam0-rgb-063.png,0,0,98.06178159698997
fall-03-cam0-rgb-064.png,0,0,98.3188574783828
fall-03-cam0-rgb-065.png,0,0,98.70758621616145
fall-03-cam0-rgb-066.png,0,0,99.91378169297582
fall-03-cam0-rgb-067.png,0,0,99.31173342600277
fall-03-cam0-rgb-068.png,0,0,97.98297717815728
fall-03-cam0-rgb-069.png,0,0,98.38756296228425
fall-03-cam0-rgb-070.png,0,0,98.29764914020367
fall-03-cam0-rgb-071.png,0,0,99.63912868184254
fall-03-cam0-rgb-072.png,0,0,99.0716808341557
fall-03-cam0-rgb-073.png,0,0,98.06981482022248
fall-03-cam0-rgb-074.png,0,0,96.7611953817123
fall-03-cam0-rgb-075.png,0,0,101.18547104893767
fall-03-cam0-rgb-076.png,0,0,99.6846339887373
fall-03-cam0-rgb-077.png,0,0,102.71552798953853
fall-03-cam0-rgb-078.png,0,0,102.45857582821712
fall-03-cam0-rgb-079.png,0,0,103.95320002784696
fall-03-cam0-rgb-080.png,0,0,103.42288140532739
fall-03-cam0-rgb-081.png,0,0,101.92732219898977
fall-03-cam0-rgb-082.png,0,0,102.4702488362464
fall-03-cam0-rgb-083.png,0,0,103.58578602785981
fall-03-cam0-rgb-084.png,0,0,102.0617537261249
fall-03-cam0-rgb-085.png,0,0,100.71753918338428
fall-03-cam0-rgb-086.png,0,0,103.94113482053649
fall-03-cam0-rgb-087.png,0,0,96.32890401820765
fall-03-cam0-rgb-088.png,0,0,92.96534421028645
fall-03-cam0-rgb-089.png,0,0,97.4187232033444
fall-03-cam0-rgb-090.png,0,0,98.13504110267571
fall-03-cam0-rgb-091.png,0,0,96.37492060246238
fall-03-cam0-rgb-092.png,0,0,93.27566050945354
fall-03-cam0-rgb-093.png,0,0,91.24913020082512
fall-03-cam0-rgb-094.png,0,0,94.63304947625522
fall-03-cam0-rgb-095.png,0,0,97.72849672358721
fall-03-cam0-rgb-096.png,0,0,92.91373911435925
fall-03-cam0-rgb-097.png,0,0,88.69782674221959
fall-03-cam0-rgb-098.png,0,0,90.48082897672657
fall-03-cam0-rgb-099.png,0,0,93.76999427254847
fall-03-cam0-rgb-100.png,0,0,89.68826588019839
fall-03-cam0-rgb-101.png,0,0,81.35039748185724
fall-03-cam0-rgb-102.png,0,0,79.22725604095612
fall-03-cam0-rgb-103.png,0,0,34.047944811628106
fall-03-cam0-rgb-104.png,0,0,33.10429506476872
fall-03-cam0-rgb-105.png,0,0,32.31034795149749
fall-03-cam0-rgb-106.png,0,0,0.0
fall-03-cam0-rgb-107.png,0,0,0.019782341029446364
fall-03-cam0-rgb-108.png,0,0,
fall-03-cam0-rgb-109.png,0,0,
fall-03-cam0-rgb-110.png,0,0,
fall-03-cam0-rgb-111.png,0,0,
fall-03-cam0-rgb-112.png,0,0,
fall-03-cam0-rgb-113.png,0,0,
fall-03-cam0-rgb-114.png,0,0,
fall-03-cam0-rgb-115.png,0,0,
fall-03-cam0-rgb-116.png,0,0,
fall-03-cam0-rgb-117.png,0,0,
fall-03-cam0-rgb-118.png,0,0,
fall-03-cam0-rgb-119.png,0,0,
fall-03-cam0-rgb-120.png,0,0,
fall-03-cam0-rgb-121.png,0,0,
fall-03-cam0-rgb-122.png,0,0,
fall-03-cam0-rgb-123.png,0,0,
fall-03-cam0-rgb-124.png,0,0,
fall-03-cam0-rgb-125.png,0,0,
fall-03-cam0-rgb-126.png,0,0,
fall-03-cam0-rgb-127.png,0,0,
fall-03-cam0-rgb-128.png,0,0,
fall-03-cam0-rgb-129.png,0,0,
fall-03-cam0-rgb-130.png,0,0,
fall-03-cam0-rgb-131.png,0,0,
fall-03-cam0-rgb-132.png,0,0,
fall-03-cam0-rgb-133.png,0,0,
fall-03-cam0-rgb-134.png,0,0,
fall-03-cam0-rgb-135.png,0,0,
fall-03-cam0-rgb-136.png,0,0,
fall-03-cam0-rgb-137.png,0,0,
fall-03-cam0-rgb-138.png,0,0,
fall-03-cam0-rgb-139.png,0,0,
fall-03-cam0-rgb-140.png,0,0,
fall-03-cam0-rgb-141.png,0,0,
fall-03-cam0-rgb-142.png,0,0,
fall-03-cam0-rgb-143.png,0,0,
fall-03-cam0-rgb-144.png,0,0,
fall-03-cam0-rgb-145.png,0,0,
fall-03-cam0-rgb-146.png,0,0,
fall-03-cam0-rgb-147.png,0,0,
fall-03-cam0-rgb-148.png,0,0,
fall-03-cam0-rgb-149.png,0,0,
fall-03-cam0-rgb-150.png,0,0,
fall-03-cam0-rgb-151.png,0,0,
fall-03-cam0-rgb-152.png,0,0,
fall-03-cam0-rgb-153.png,0,0,
fall-03-cam0-rgb-154.png,0,0,
fall-03-cam0-rgb-155.png,0,0,
fall-03-cam0-rgb-156.png,0,0,
fall-03-cam0-rgb-157.png,0,0,
fall-03-cam0-rgb-158.png,0,0,
fall-03-cam0-rgb-159.png,0,0,
fall-03-cam0-rgb-160.png,0,0,
fall-03-cam0-rgb-161.png,0,0,
fall-03-cam0-rgb-162.png,0,0,
fall-03-cam0-rgb-163.png,0,0,
fall-03-cam0-rgb-164.png,0,0,
fall-03-cam0-rgb-165.png,0,0,
fall-03-cam0-rgb-166.png,0,0,
fall-03-cam0-rgb-167.png,0,0,
fall-03-cam0-rgb-168.png,0,0,
fall-03-cam0-rgb-169.png,0,0,
fall-03-cam0-rgb-170.png,0,0,
fall-03-cam0-rgb-171.png,0,0,
fall-03-cam0-rgb-172.png,0,0,
fall-03-cam0-rgb-173.png,0,0,
fall-03-cam0-rgb-174.png,0,0,
fall-03-cam0-rgb-175.png,0,0,
fall-03-cam0-rgb-176.png,1,0,
fall-03-cam0-rgb-177.png,1,0,
fall-03-cam0-rgb-178.png,1,0,
fall-03-cam0-rgb-179.png,1,0,
fall-03-cam0-rgb-180.png,1,0,
fall-03-cam0-rgb-181.png,1,0,
fall-03-cam0-rgb-182.png,1,0,
fall-03-cam0-rgb-183.png,1,0,
fall-03-cam0-rgb-184.png,1,0,
fall-03-cam0-rgb-185.png,1,0,
fall-03-cam0-rgb-186.png,1,0,
fall-03-cam0-rgb-187.png,1,0,
fall-03-cam0-rgb-188.png,1,0,
fall-03-cam0-rgb-189.png,1,0,
fall-03-cam0-rgb-190.png,1,0,
fall-03-cam0-rgb-191.png,1,0,
fall-03-cam0-rgb-192.png,1,0,
fall-03-cam0-rgb-193.png,1,0,
fall-03-cam0-rgb-194.png,1,0,
fall-03-cam0-rgb-195.png,1,0,
fall-03-cam0-rgb-196.png,1,0,
fall-03-cam0-rgb-197.png,1,0,
fall-03-cam0-rgb-198.png,1,0,
fall-03-cam0-rgb-199.png,1,0,
fall-03-cam0-rgb-200.png,1,0,
fall-03-cam0-rgb-201.png,1,0,
fall-03-cam0-rgb-202.png,1,0,
fall-03-cam0-rgb-203.png,1,0,
fall-03-cam0-rgb-204.png,1,0,
fall-03-cam0-rgb-205.png,1,0,
fall-03-cam0-rgb-206.png,1,0,
fall-03-cam0-rgb-207.png,1,0,
fall-03-cam0-rgb-208.png,1,0,
fall-03-cam0-rgb-209.png,1,0,
fall-03-cam0-rgb-210.png,1,0,
fall-03-cam0-rgb-211.png,1,0,
fall-03-cam0-rgb-212.png,1,0,
fall-03-cam0-rgb-213.png,1,0,
fall-03-cam0-rgb-214.png,1,0,
fall-03-cam0-rgb-215.png,1,0,
